{"cameraMode":{"drawMode":0,"name":"Shaded","section":"Shading Mode"},"sceneLighting":true,"audioPlay":false,"sceneViewState":{"showFog":true,"showMaterialUpdate":false,"showSkybox":true,"showFlares":true,"showImageEffects":true,"showParticleSystems":true},"in2DMode":false,"pivot":{"x":-16.123321533203126,"y":-18.91872215270996,"z":-33.870731353759769},"rotation":{"x":0.05991718918085098,"y":-0.9400341510772705,"z":0.2424336075782776,"w":0.23233138024806977},"size":25.478322982788087,"orthographic":false}