{"cameraMode":{"drawMode":0,"name":"Shaded","section":"Shading Mode"},"sceneLighting":false,"audioPlay":false,"sceneViewState":{"showFog":true,"showMaterialUpdate":false,"showSkybox":false,"showFlares":true,"showImageEffects":true,"showParticleSystems":true},"in2DMode":false,"pivot":{"x":11.50950813293457,"y":-5.574678897857666,"z":21.33329200744629},"rotation":{"x":0.11887466162443161,"y":0.2088557630777359,"z":-0.02558831498026848,"w":0.9703651070594788},"size":14.931476593017579,"orthographic":false}