{"cameraMode":{"drawMode":0,"name":"Shaded","section":"Shading Mode"},"sceneLighting":true,"audioPlay":false,"sceneViewState":{"showFog":true,"showMaterialUpdate":false,"showSkybox":true,"showFlares":true,"showImageEffects":true,"showParticleSystems":true},"in2DMode":false,"pivot":{"x":18.307544708251954,"y":7.708395957946777,"z":-4.084706783294678},"rotation":{"x":0.10541702806949616,"y":-0.8393562436103821,"z":0.17574439942836762,"w":0.5034725069999695},"size":1.3720300197601319,"orthographic":false}