{"cameraMode":{"drawMode":0,"name":"Shaded","section":"Shading Mode"},"sceneLighting":true,"audioPlay":false,"sceneViewState":{"showFog":true,"showMaterialUpdate":false,"showSkybox":false,"showFlares":true,"showImageEffects":true,"showParticleSystems":true},"in2DMode":false,"pivot":{"x":-5.44038724899292,"y":0.5754210948944092,"z":0.7346967458724976},"rotation":{"x":-0.05318932235240936,"y":0.5950601696968079,"z":-0.03951654210686684,"w":-0.8009530305862427},"size":1.9590284824371338,"orthographic":false}