{"cameraMode":{"drawMode":0,"name":"Shaded","section":"Shading Mode"},"sceneLighting":true,"audioPlay":false,"sceneViewState":{"showFog":true,"showMaterialUpdate":false,"showSkybox":true,"showFlares":true,"showImageEffects":true,"showParticleSystems":true},"in2DMode":false,"pivot":{"x":-2.940095901489258,"y":3.8215551376342775,"z":6.211986541748047},"rotation":{"x":0.016982510685920717,"y":-0.9724981784820557,"z":0.21982969343662263,"w":0.07513514161109925},"size":10.968971252441407,"orthographic":false}